Time,M_C,ExtFrag,IntFrag
1,0.47,19.35,0.01
2,0.85,19.09,0.01
3,1.25,18.84,0.01
4,1.65,18.58,0.01
5,1.94,18.34,0.02
6,2.32,18.01,0.02
7,2.72,17.62,0.02
8,3.12,17.15,0.02
9,3.37,16.77,0.02
10,3.76,16.43,0.03
11,4.16,16.12,0.03
12,4.55,15.68,0.03
13,4.75,15.39,0.03
14,5.16,14.99,0.04
15,5.55,14.70,0.04
16,5.72,14.94,0.04
17,5.80,14.92,0.04
18,5.87,14.88,0.04
19,5.95,14.81,0.04
20,6.02,14.75,0.04
21,6.10,14.67,0.04
22,6.19,14.61,0.04
23,6.29,14.52,0.04
24,6.38,14.45,0.05
25,6.47,14.35,0.05
26,6.55,14.29,0.05
27,6.63,14.20,0.05
28,6.71,14.09,0.05
29,6.80,14.04,0.05
30,6.89,13.94,0.05
31,6.97,13.86,0.05
32,7.05,13.75,0.05
33,7.14,13.66,0.05
34,7.24,13.58,0.05
35,7.32,13.52,0.05
36,7.39,13.43,0.05
37,7.47,13.35,0.05
38,7.55,13.27,0.05
39,7.63,13.16,0.06
40,7.70,13.11,0.06
41,7.78,13.03,0.06
42,7.85,12.95,0.06
43,7.93,12.88,0.06
44,8.00,12.81,0.06
45,8.08,12.70,0.06
46,8.15,12.64,0.06
47,8.23,12.58,0.06
48,8.31,12.49,0.06
49,8.38,12.43,0.06
50,8.46,12.34,0.06
51,8.54,12.27,0.06
52,8.62,12.18,0.06
53,8.70,12.12,0.06
54,8.77,12.02,0.06
55,8.85,11.95,0.07
56,8.93,11.85,0.07
57,9.00,11.80,0.07
58,9.08,11.72,0.07
59,9.16,11.64,0.07
60,9.24,11.56,0.07
61,9.32,11.48,0.07
62,9.39,11.41,0.07
63,9.47,11.34,0.07
64,9.55,11.24,0.07
65,9.63,11.17,0.07
66,9.70,11.07,0.07
67,9.80,10.99,0.07
68,9.90,10.90,0.07
69,9.96,10.84,0.07
70,10.04,10.77,0.07
71,1.30,20.09,0.01
72,0.44,19.34,0.01
73,0.82,19.10,0.01
74,1.22,18.85,0.01
75,1.62,18.57,0.01
76,2.02,18.29,0.02
77,2.33,17.93,0.02
78,2.73,17.55,0.02
79,3.11,17.08,0.02
80,3.43,16.69,0.02
81,3.67,16.17,0.03
82,3.87,15.97,0.03
83,4.01,15.88,0.03
84,4.14,15.72,0.03
85,4.26,15.59,0.03
86,4.36,15.54,0.03
87,4.43,15.54,0.03
88,4.50,15.49,0.03
89,4.55,15.46,0.03
96,5.09,14.80,0.03
97,5.16,14.80,0.03
98,5.24,14.73,0.04
99,5.29,14.73,0.04
100,5.38,14.59,0.04
101,5.44,14.59,0.04
102,5.48,14.52,0.04
103,5.53,14.49,0.04
104,5.58,14.49,0.04
105,5.63,14.40,0.04
106,5.64,14.40,0.04
107,5.72,14.34,0.04
108,5.77,14.30,0.04
109,5.82,14.26,0.04
110,5.85,14.26,0.04
111,5.89,14.06,0.04
112,5.95,14.06,0.04
113,5.97,14.05,0.04
116,6.23,13.51,0.04
117,6.24,13.51,0.04
118,6.31,13.51,0.04
119,6.33,13.51,0.04
120,6.36,13.42,0.04
121,6.39,13.42,0.04
122,6.44,13.42,0.04
123,6.53,13.22,0.04
124,6.54,13.22,0.04
125,6.59,13.22,0.04
128,6.81,12.88,0.05
129,6.86,12.88,0.05
130,6.92,12.87,0.05
131,6.97,12.78,0.05
132,7.02,12.77,0.05
133,7.06,12.74,0.05
134,7.10,12.70,0.05
135,7.16,12.62,0.05
136,7.22,12.62,0.05
137,7.26,12.58,0.05
138,7.32,12.50,0.05
139,7.37,12.50,0.05
140,7.44,12.41,0.05
141,7.51,12.32,0.05
142,7.54,12.32,0.05
143,7.54,12.32,0.05
144,7.61,12.20,0.05
145,7.67,12.19,0.05
146,7.72,12.17,0.05
147,7.79,12.09,0.05
148,7.86,12.05,0.05
149,7.91,12.04,0.05
150,7.99,11.91,0.05
151,8.07,11.84,0.05
152,8.13,11.84,0.06
153,8.21,11.74,0.06
154,8.29,11.71,0.06
155,8.36,11.58,0.06
156,8.44,11.58,0.06
157,8.51,11.55,0.06
158,8.58,11.47,0.06
159,8.66,11.39,0.06
160,8.73,11.35,0.06
161,8.81,11.25,0.06
162,8.89,11.24,0.06
163,8.97,11.12,0.06
164,9.05,11.09,0.06
165,9.14,11.03,0.06
166,9.23,10.95,0.06
167,9.31,10.90,0.06
168,9.39,10.87,0.06
169,9.46,10.89,0.07
170,9.55,10.82,0.07
171,9.64,10.77,0.07
172,9.71,10.73,0.07
173,9.77,10.67,0.07
174,9.85,10.62,0.07
175,9.92,10.56,0.07
176,10.00,10.50,0.07
177,10.07,10.39,0.07
178,10.13,10.34,0.07
179,10.13,10.34,0.07
180,5.59,15.41,0.05
181,0.24,19.02,0.01
182,0.24,19.05,0.01
183,0.24,19.05,0.01
184,0.33,18.82,0.01
186,0.38,18.80,0.01
187,0.39,18.80,0.01
188,0.39,18.80,0.01
189,0.49,18.77,0.01
190,0.49,18.77,0.01
191,0.54,18.77,0.01
192,0.58,18.74,0.01
193,0.62,18.73,0.01
194,0.66,18.65,0.01
195,0.66,18.65,0.01
196,0.73,18.57,0.01
197,0.76,18.57,0.01
198,0.79,18.57,0.01
199,0.79,18.57,0.01
200,0.88,18.50,0.01
201,0.89,18.50,0.01
202,0.94,18.45,0.01
203,0.96,18.45,0.01
204,1.01,18.43,0.01
205,1.04,18.40,0.01
206,1.09,18.34,0.01
207,1.11,18.34,0.01
208,1.16,18.24,0.01
209,1.19,18.24,0.01
210,1.21,18.24,0.01
212,1.33,18.10,0.01
213,1.33,18.10,0.01
214,1.37,18.10,0.01
215,1.40,18.10,0.01
216,1.45,18.07,0.01
217,1.49,18.04,0.01
218,1.53,18.00,0.01
220,1.53,18.00,0.01
221,1.62,17.89,0.01
222,1.63,17.89,0.01
223,1.66,17.89,0.01
224,1.73,17.81,0.01
225,1.75,17.81,0.01
226,1.76,17.81,0.01
227,1.84,17.73,0.01
228,1.84,17.73,0.01
229,1.89,17.73,0.02
230,1.94,17.73,0.02
231,1.94,17.73,0.02
232,2.00,17.65,0.02
233,2.04,17.64,0.02
234,2.04,17.64,0.02
235,2.09,17.55,0.02
236,2.13,17.55,0.02
237,2.14,17.55,0.02
238,2.19,17.49,0.02
239,2.23,17.48,0.02
240,2.24,17.48,0.02
241,2.30,17.39,0.02
242,2.34,17.39,0.02
243,2.35,17.39,0.02
244,2.40,17.37,0.02
245,2.44,17.32,0.02
246,2.46,17.32,0.02
247,2.50,17.27,0.02
248,2.55,17.23,0.02
249,2.57,17.23,0.02
250,2.60,17.23,0.02
251,2.67,17.11,0.02
252,2.68,17.11,0.02
253,2.70,17.11,0.02
254,2.78,17.06,0.02
255,2.78,17.06,0.02
256,2.83,17.01,0.02
257,2.87,17.01,0.02
258,2.89,17.01,0.02
259,2.93,16.93,0.02
260,2.97,16.93,0.02
261,2.98,16.93,0.02
262,3.04,16.76,0.02
263,3.06,16.75,0.02
264,3.08,16.75,0.02
265,3.15,16.62,0.02
267,3.15,16.62,0.02
268,3.24,16.49,0.02
269,3.24,16.49,0.02
270,3.27,16.48,0.02
271,3.34,16.47,0.02
272,3.36,16.47,0.02
273,3.39,16.46,0.02
274,3.45,16.36,0.02
276,3.45,16.36,0.02
277,3.50,16.11,0.02
278,3.51,16.11,0.02
279,3.58,16.08,0.02
280,3.63,16.08,0.02
281,3.67,16.07,0.02
282,3.71,16.04,0.02
283,3.72,16.04,0.02
284,3.76,16.02,0.02
285,3.81,15.96,0.02
286,3.82,15.96,0.03
287,3.87,15.93,0.03
297,4.24,15.20,0.03
298,4.28,15.20,0.03
299,4.32,15.20,0.03
300,4.32,15.20,0.03
301,4.39,15.03,0.03
302,4.42,15.03,0.03
303,4.44,15.02,0.03
304,4.50,14.98,0.03
305,4.52,14.98,0.03
306,4.54,14.98,0.03
307,4.61,14.91,0.03
308,4.61,14.91,0.03
309,4.64,14.91,0.03
310,4.71,14.83,0.03
312,4.71,14.83,0.03
313,4.81,14.66,0.03
315,4.81,14.66,0.03
316,4.89,14.62,0.03
317,4.91,14.62,0.03
318,4.94,14.62,0.03
319,4.99,14.62,0.03
320,5.01,14.62,0.03
321,5.07,14.55,0.03
322,5.07,14.54,0.03
323,5.12,14.52,0.03
324,5.18,14.41,0.03
325,5.21,14.41,0.03
326,5.21,14.41,0.03
327,5.28,14.38,0.03
328,5.30,14.38,0.03
329,5.34,14.37,0.03
330,5.38,14.34,0.03
331,5.41,14.34,0.03
332,5.44,14.28,0.03
333,5.49,14.25,0.03
334,5.49,14.25,0.03
335,5.55,14.17,0.03
336,5.59,14.17,0.03
337,5.59,14.17,0.03
338,5.66,14.05,0.03
339,5.68,14.05,0.03
340,5.68,14.05,0.03
341,5.76,13.96,0.03
342,5.76,13.96,0.03
343,5.78,13.96,0.03
344,5.85,13.93,0.03
345,5.87,13.93,0.04
346,5.90,13.93,0.04
347,5.96,13.84,0.04
348,5.98,13.84,0.04
349,6.01,13.84,0.04
350,6.06,13.80,0.04
351,6.09,13.79,0.04
352,6.13,13.73,0.04
353,6.13,13.73,0.04
354,6.19,13.62,0.04
355,6.19,13.62,0.04
356,6.19,13.62,0.04
357,6.28,13.44,0.04
358,6.29,13.44,0.04
359,6.32,13.44,0.04
360,6.38,13.44,0.04
361,6.40,13.44,0.04
362,6.44,13.40,0.04
363,6.49,13.32,0.04
364,6.51,13.32,0.04
365,6.51,13.32,0.04
366,6.59,13.16,0.04
367,6.59,13.16,0.04
368,6.65,13.14,0.04
369,6.71,13.12,0.04
370,6.71,13.12,0.04
371,6.77,13.09,0.04
372,6.81,13.07,0.04
373,6.82,13.07,0.04
374,6.88,12.99,0.04
375,6.91,12.99,0.04
376,6.93,12.99,0.04
377,6.99,12.90,0.04
378,7.01,12.90,0.04
379,7.04,12.90,0.04
380,7.09,12.83,0.04
381,7.09,12.83,0.04
382,7.11,12.83,0.04
383,7.19,12.68,0.04
384,7.19,12.68,0.04
385,7.24,12.65,0.04
386,7.27,12.65,0.04
387,7.28,12.65,0.04
388,7.35,12.56,0.04
389,7.38,12.56,0.04
390,7.41,12.56,0.04
391,7.46,12.48,0.04
392,7.49,12.47,0.04
393,7.50,12.47,0.04
394,7.57,12.33,0.04
395,7.57,12.33,0.04
396,7.63,12.30,0.04
397,7.67,12.30,0.04
398,7.70,12.28,0.04
399,7.73,12.27,0.04
400,7.77,12.22,0.04
401,7.81,12.17,0.04
402,7.84,12.16,0.04
403,7.88,12.12,0.04
404,7.92,12.09,0.04
405,7.96,12.02,0.05
406,7.97,12.02,0.05
407,8.03,11.89,0.05
408,8.06,11.89,0.05
409,8.09,11.87,0.05
410,8.13,11.84,0.05
411,8.18,11.77,0.05
412,8.20,11.77,0.05
413,8.23,11.76,0.05
414,8.29,11.56,0.05
416,8.29,11.56,0.05
417,8.38,11.21,0.05
418,8.38,11.21,0.05
419,8.41,11.21,0.05
420,8.47,11.16,0.05
421,8.49,11.16,0.05
422,8.54,11.14,0.05
423,8.59,11.09,0.05
424,8.62,11.09,0.05
425,8.62,11.09,0.05
426,8.69,10.95,0.05
427,8.72,10.93,0.05
428,8.72,10.93,0.05
429,8.79,10.86,0.05
430,8.79,10.86,0.05
431,8.82,10.86,0.05
432,8.89,10.74,0.05
433,8.91,10.74,0.05
434,8.92,10.74,0.05
435,9.00,10.66,0.05
436,9.01,10.66,0.05
439,9.16,10.23,0.05
440,9.16,10.23,0.05
441,9.22,10.23,0.05
442,9.23,10.23,0.05
443,9.34,10.13,0.05
445,9.34,10.13,0.05
446,9.40,10.11,0.05
447,9.40,10.11,0.05
448,9.45,10.11,0.05
449,9.51,10.01,0.05
450,9.52,10.01,0.05
451,9.55,10.01,0.05
452,9.59,9.98,0.05
453,9.59,9.98,0.05
454,9.63,9.98,0.05
455,9.71,9.89,0.05
456,9.71,9.89,0.05
457,9.77,9.85,0.05
458,9.81,9.84,0.05
459,9.81,9.84,0.05
460,9.89,9.74,0.05
461,9.89,9.74,0.05
462,9.91,9.74,0.05
463,9.99,9.66,0.05
464,9.99,9.66,0.05
465,10.02,9.66,0.05
466,10.08,9.66,0.06
467,10.09,9.66,0.06
468,10.12,9.70,0.06
469,10.15,9.85,0.06
470,10.16,9.84,0.06
471,10.18,9.86,0.06
472,10.20,9.84,0.06
473,10.21,9.91,0.06
474,9.36,11.26,0.05
475,0.27,19.34,0.01
476,0.28,19.38,0.01
477,0.31,19.30,0.01
478,0.36,19.25,0.01
479,0.36,19.25,0.01
480,0.42,19.24,0.01
481,0.44,19.24,0.01
482,0.44,19.24,0.01
483,0.52,19.17,0.01
484,0.52,19.17,0.01
485,0.57,19.14,0.01
486,0.62,19.10,0.01
487,0.63,19.10,0.01
488,0.72,18.90,0.01
489,0.72,18.90,0.01
490,0.74,18.90,0.01
491,0.81,18.85,0.01
493,0.87,18.85,0.01
494,0.91,18.85,0.01
495,0.91,18.85,0.01
496,0.96,18.78,0.01
497,1.01,18.78,0.01
498,1.02,18.78,0.01
499,1.08,18.68,0.01
500,1.13,18.67,0.01
501,1.13,18.67,0.01
502,1.19,18.60,0.01
503,1.20,18.60,0.01
504,1.26,18.55,0.01
505,1.26,18.55,0.01
506,1.30,18.55,0.01
507,1.34,18.51,0.01
508,1.39,18.43,0.01
509,1.39,18.43,0.01
510,1.49,18.35,0.01
512,1.49,18.35,0.01
513,1.58,18.26,0.01
514,1.58,18.26,0.01
515,1.63,18.26,0.01
516,1.68,18.24,0.01
517,1.68,18.24,0.01
518,1.73,18.19,0.01
519,1.78,18.18,0.01
520,1.78,18.18,0.01
521,1.84,18.08,0.01
523,1.84,18.08,0.01
524,1.93,17.73,0.01
525,1.93,17.73,0.01
526,1.95,17.73,0.02
527,2.03,17.70,0.02
529,2.03,17.70,0.02
530,2.13,17.58,0.02
531,2.13,17.58,0.02
532,2.13,17.58,0.02
533,2.22,17.55,0.02
534,2.22,17.55,0.02
535,2.25,17.55,0.02
536,2.31,17.51,0.02
537,2.34,17.51,0.02
538,2.37,17.47,0.02
539,2.42,17.38,0.02
540,2.46,17.38,0.02
541,2.48,17.38,0.02
542,2.52,17.30,0.02
543,2.55,17.30,0.02
544,2.59,17.30,0.02
545,2.62,17.27,0.02
546,2.65,17.27,0.02
547,2.72,17.15,0.02
548,2.72,17.15,0.02
549,2.76,17.15,0.02
550,2.82,17.09,0.02
551,2.84,17.09,0.02
552,2.86,17.09,0.02
553,2.93,16.95,0.02
554,2.93,16.95,0.02
555,2.97,16.95,0.02
556,3.04,16.87,0.02
557,3.06,16.87,0.02
558,3.09,16.87,0.02
559,3.13,16.85,0.02
560,3.17,16.83,0.02
561,3.18,16.83,0.02
562,3.24,16.76,0.02
563,3.26,16.76,0.02
564,3.26,16.76,0.02
565,3.34,16.53,0.02
566,3.37,16.53,0.02
567,3.37,16.53,0.02
568,3.44,16.41,0.02
569,3.47,16.41,0.02
570,3.50,16.41,0.02
571,3.54,16.40,0.02
572,3.58,16.38,0.02
573,3.61,16.34,0.02
574,3.64,16.32,0.02
575,3.68,16.27,0.02
576,3.71,16.27,0.02
577,3.75,16.21,0.02
578,3.78,16.18,0.02
579,3.83,15.98,0.02
581,3.91,15.92,0.02
582,3.91,15.92,0.02
583,3.92,15.92,0.02
584,3.98,15.90,0.03
585,4.03,15.86,0.03
586,4.05,15.86,0.03
587,4.11,15.71,0.03
588,4.11,15.70,0.03
589,4.15,15.70,0.03
590,4.21,15.66,0.03
591,4.21,15.66,0.03
592,4.27,15.66,0.03
593,4.32,15.58,0.03
594,4.32,15.58,0.03
595,4.38,15.51,0.03
596,4.39,15.51,0.03
597,4.44,15.46,0.03
598,4.48,15.46,0.03
599,4.49,15.46,0.03
600,4.54,15.43,0.03
601,4.58,15.41,0.03
602,4.60,15.40,0.03
603,4.68,15.12,0.03
604,4.68,15.12,0.03
605,4.72,15.12,0.03
606,4.77,15.10,0.03
607,4.77,15.10,0.03
608,4.84,15.09,0.03
609,4.86,15.09,0.03
611,4.94,14.98,0.03
612,4.97,14.98,0.03
613,5.01,14.98,0.03
614,5.03,14.98,0.03
615,5.10,14.83,0.03
616,5.16,14.81,0.03
617,5.16,14.81,0.03
618,5.20,14.81,0.03
619,5.20,14.81,0.03
620,5.25,14.38,0.03
621,5.25,14.38,0.03
622,5.26,14.38,0.03
623,5.31,14.38,0.03
624,5.31,14.38,0.03
625,5.32,14.38,0.03
626,5.38,14.36,0.03
628,5.38,14.36,0.03
629,5.46,14.30,0.03
631,5.46,14.30,0.03
632,5.55,14.21,0.03
633,5.55,14.21,0.03
634,5.58,14.21,0.03
635,5.67,14.12,0.03
636,5.73,14.12,0.03
637,5.78,14.12,0.03
638,5.87,13.90,0.04
639,5.88,13.90,0.04
640,5.90,13.90,0.04
641,5.94,13.90,0.04
642,5.97,13.90,0.04
643,6.01,13.90,0.04
644,6.05,13.88,0.04
645,6.12,13.81,0.04
646,6.15,13.77,0.04
647,6.17,13.77,0.04
648,6.18,13.77,0.04
649,6.26,13.66,0.04
650,6.28,13.66,0.04
651,6.31,13.66,0.04
652,6.36,13.61,0.04
653,6.40,13.61,0.04
654,6.41,13.61,0.04
655,6.47,13.53,0.04
656,6.50,13.53,0.04
657,6.50,13.53,0.04
658,6.59,13.28,0.04
660,6.59,13.28,0.04
661,6.66,13.05,0.04
662,6.66,13.05,0.04
663,6.69,13.05,0.04
664,6.76,13.04,0.04
665,6.81,13.04,0.04
666,6.83,13.03,0.04
667,6.89,12.92,0.04
668,6.93,12.91,0.04
669,6.94,12.91,0.04
670,7.01,12.86,0.04
671,7.01,12.86,0.04
672,7.05,12.82,0.04
673,7.07,12.82,0.04
674,7.09,12.82,0.04
675,7.15,12.67,0.04
676,7.17,12.67,0.04
677,7.17,12.67,0.04
683,7.42,12.48,0.04
684,7.47,12.48,0.04
685,7.51,12.46,0.04
686,7.53,12.46,0.04
687,7.58,12.38,0.05
688,7.62,12.38,0.05
689,7.65,12.37,0.05
690,7.70,12.30,0.05
691,7.70,12.30,0.05
692,7.77,12.24,0.05
693,7.78,12.24,0.05
694,7.82,12.14,0.05
695,7.85,12.14,0.05
696,7.88,12.14,0.05
697,7.94,12.02,0.05
698,7.94,12.02,0.05
699,8.00,12.01,0.05
700,8.05,11.91,0.05
701,8.07,11.91,0.05
702,8.11,11.90,0.05
703,8.15,11.89,0.05
704,8.15,11.89,0.05
705,8.19,11.70,0.05
706,8.22,11.70,0.05
707,8.26,11.70,0.05
708,8.32,11.62,0.05
709,8.32,11.62,0.05
710,8.37,11.62,0.05
711,8.42,11.57,0.05
712,8.44,11.57,0.05
713,8.48,11.52,0.05
714,8.52,11.50,0.05
715,8.56,11.45,0.05
716,8.59,11.45,0.05
717,8.63,11.39,0.05
718,8.67,11.36,0.05
719,8.71,11.29,0.05
720,8.73,11.29,0.05
721,8.76,11.29,0.05
722,8.79,11.26,0.05
723,8.83,11.23,0.05
724,8.87,11.21,0.05
725,8.91,11.03,0.05
726,8.95,11.03,0.05
727,9.01,10.93,0.05
728,9.01,10.93,0.05
729,9.08,10.57,0.05
730,9.09,10.57,0.05
731,9.14,10.57,0.05
732,9.14,10.57,0.05
733,9.19,10.47,0.05
734,9.19,10.47,0.05
735,9.19,10.47,0.05
736,9.26,10.43,0.05
737,9.26,10.43,0.05
738,9.33,10.43,0.05
739,9.40,10.17,0.05
740,9.40,10.17,0.05
741,9.43,10.17,0.05
742,9.48,10.17,0.05
743,9.51,10.17,0.06
744,9.54,10.17,0.06
745,9.59,10.07,0.06
746,9.63,10.07,0.06
747,9.64,10.07,0.06
748,9.69,9.98,0.06
749,9.71,9.98,0.06
750,9.71,9.98,0.06
751,9.77,9.86,0.06
752,9.79,9.86,0.06
753,9.84,9.86,0.06
754,9.90,9.73,0.06
755,9.90,9.73,0.06
756,9.93,9.73,0.06
757,9.99,9.71,0.06
758,10.00,9.71,0.06
759,10.05,9.73,0.06
760,10.10,9.70,0.06
761,10.11,9.70,0.06
762,10.14,9.64,0.06
763,10.19,9.65,0.06
764,10.19,9.65,0.06
765,10.22,9.70,0.06
766,10.24,9.73,0.06
767,10.25,9.88,0.06
768,10.26,9.91,0.06
769,10.27,9.95,0.06
770,10.27,9.88,0.06
771,0.32,19.37,0.01
772,0.33,19.49,0.01
773,0.33,19.49,0.01
774,0.33,19.45,0.01
775,0.42,19.03,0.01
776,0.43,19.02,0.01
777,0.49,18.99,0.01
778,0.53,18.99,0.01
779,0.55,18.99,0.01
781,0.65,18.84,0.01
782,0.65,18.84,0.01
783,0.70,18.84,0.01
784,0.74,18.84,0.01
785,0.76,18.84,0.01
786,0.82,18.77,0.01
787,0.82,18.77,0.01
788,0.85,18.74,0.01
789,0.90,18.74,0.01
790,0.90,18.74,0.01
791,0.92,18.74,0.01
792,0.99,18.63,0.01
793,0.99,18.63,0.01
794,1.06,18.56,0.01
795,1.06,18.56,0.01
796,1.12,18.56,0.01
797,1.16,18.53,0.01
798,1.18,18.53,0.01
799,1.24,18.47,0.01
800,1.27,18.47,0.01
801,1.30,18.46,0.01
802,1.34,18.39,0.01
803,1.36,18.39,0.01
804,1.40,18.35,0.01
805,1.44,18.34,0.01
806,1.44,18.34,0.01
807,1.50,18.24,0.01
808,1.55,18.24,0.01
809,1.56,18.24,0.01
810,1.62,18.16,0.01
811,1.64,18.16,0.01
812,1.67,18.16,0.01
813,1.73,18.12,0.01
814,1.75,18.12,0.01
815,1.79,18.11,0.01
816,1.84,18.01,0.01
817,2.04,17.68,0.01
818,2.45,17.38,0.02
819,2.84,17.02,0.02
820,3.25,16.55,0.02
821,3.58,16.17,0.02
822,4.00,15.77,0.03
823,4.41,15.45,0.03
824,4.81,15.14,0.03
825,5.14,14.84,0.03
826,5.54,14.32,0.03
827,5.96,13.80,0.04
828,6.35,13.39,0.04
829,6.59,13.45,0.04
830,6.66,13.45,0.04
831,6.75,13.41,0.04
832,6.83,13.35,0.04
833,6.91,13.29,0.04
834,6.98,13.23,0.04
835,7.06,13.18,0.04
836,7.14,13.12,0.04
837,7.21,13.06,0.05
838,7.28,12.98,0.05
839,7.36,12.93,0.05
840,7.44,12.88,0.05
841,7.51,12.80,0.05
842,7.59,12.73,0.05
843,7.66,12.67,0.05
844,7.73,12.61,0.05
845,7.80,12.55,0.05
846,7.88,12.47,0.05
847,7.94,12.41,0.05
848,8.02,12.35,0.05
849,8.09,12.26,0.05
850,8.17,12.20,0.05
851,8.24,12.15,0.05
852,8.31,12.06,0.05
853,8.39,11.98,0.05
854,8.46,11.93,0.06
855,8.54,11.86,0.06
856,8.61,11.77,0.06
857,8.69,11.72,0.06
858,8.76,11.65,0.06
859,8.83,11.58,0.06
860,8.90,11.51,0.06
861,8.98,11.43,0.06
862,9.06,11.33,0.06
863,9.15,11.27,0.06
864,9.24,11.17,0.06
865,9.31,11.10,0.06
866,9.40,11.02,0.06
867,9.48,10.92,0.06
868,9.56,10.84,0.06
869,9.63,10.78,0.06
870,9.71,10.68,0.07
871,9.79,10.61,0.07
872,9.86,10.53,0.07
873,9.92,10.48,0.07
874,10.00,10.42,0.07
875,10.07,10.33,0.07
876,10.14,10.23,0.07
877,10.20,10.20,0.07
878,10.16,10.27,0.06
879,0.39,18.88,0.01
880,0.74,18.74,0.01
881,1.12,18.42,0.01
882,1.54,18.17,0.01
883,1.96,17.85,0.02
884,2.38,17.50,0.02
885,2.71,17.17,0.02
886,3.11,16.80,0.02
887,3.53,16.29,0.02
888,3.95,15.83,0.03
889,4.26,15.58,0.03
890,4.69,15.12,0.03
891,5.11,14.70,0.03
892,5.52,14.28,0.03
893,5.76,14.04,0.03
894,5.95,14.25,0.04
895,6.04,14.23,0.04
896,6.14,14.16,0.04
897,6.22,14.09,0.04
898,6.30,14.03,0.04
899,6.38,13.98,0.04
900,6.45,13.91,0.04
901,6.53,13.84,0.04
902,6.60,13.78,0.04
903,6.68,13.70,0.04
904,6.76,13.60,0.04
905,6.85,13.52,0.04
906,6.92,13.46,0.04
907,7.00,13.37,0.05
908,7.09,13.28,0.05
909,7.17,13.21,0.05
910,7.24,13.13,0.05
911,7.33,13.05,0.05
912,7.41,12.96,0.05
913,7.50,12.84,0.05
914,7.57,12.77,0.05
915,7.64,12.71,0.05
916,7.73,12.63,0.05
917,7.81,12.53,0.05
918,7.88,12.48,0.05
919,7.95,12.41,0.05
920,8.03,12.35,0.05
921,8.10,12.28,0.05
922,8.17,12.20,0.05
923,8.26,12.10,0.06
924,8.35,12.02,0.06
925,8.42,11.94,0.06
926,8.49,11.86,0.06
927,8.58,11.77,0.06
928,8.65,11.70,0.06
929,8.72,11.62,0.06
930,8.80,11.55,0.06
931,8.87,11.48,0.06
932,8.95,11.39,0.06
933,9.02,11.34,0.06
934,9.09,11.27,0.06
935,9.18,11.18,0.06
936,9.25,11.10,0.06
937,9.33,11.02,0.06
938,9.42,10.92,0.06
939,9.50,10.85,0.07
940,9.58,10.76,0.07
941,9.66,10.68,0.07
942,9.73,10.60,0.07
943,9.82,10.52,0.07
944,9.91,10.44,0.07
945,10.00,10.32,0.07
946,10.09,10.24,0.07
947,10.18,10.17,0.07
948,10.27,10.06,0.07
949,1.28,19.74,0.01
950,0.66,18.74,0.01
951,1.07,18.48,0.01
952,1.50,18.16,0.01
953,1.87,17.91,0.01
954,2.30,17.60,0.02
955,2.71,17.19,0.02
956,3.14,16.75,0.02
957,3.45,16.32,0.02
958,3.86,15.89,0.02
959,4.28,15.58,0.03
960,4.70,15.12,0.03
961,4.94,14.77,0.03
962,5.34,14.41,0.03
963,5.75,14.09,0.04
964,5.96,14.17,0.04
965,6.05,14.17,0.04
966,6.14,14.16,0.04
967,6.23,14.09,0.04
968,6.33,14.02,0.04
969,6.40,13.95,0.04
970,6.48,13.90,0.04
971,6.56,13.83,0.04
972,6.64,13.77,0.04
973,6.71,13.69,0.04
974,6.79,13.64,0.04
975,6.86,13.58,0.04
976,6.93,13.48,0.05
977,7.00,13.40,0.05
978,7.08,13.35,0.05
979,7.15,13.24,0.05
980,7.22,13.20,0.05
981,7.30,13.13,0.05
982,7.40,13.02,0.05
983,7.50,12.91,0.05
984,7.60,12.81,0.05
985,7.70,12.72,0.05
986,7.79,12.63,0.05
987,7.89,12.51,0.05
988,7.99,12.41,0.05
989,8.08,12.34,0.05
990,8.18,12.22,0.06
991,8.27,12.15,0.06
992,8.35,12.05,0.06
993,8.43,11.98,0.06
994,8.52,11.89,0.06
995,8.62,11.78,0.06
996,8.71,11.71,0.06
997,8.80,11.62,0.06
998,8.89,11.52,0.06
999,8.99,11.42,0.06
1000,9.09,11.32,0.06
1001,9.18,11.21,0.06
1002,9.28,11.13,0.06
1003,9.38,11.03,0.06
1004,9.48,10.93,0.07
1005,9.57,10.84,0.07
1006,9.67,10.75,0.07
1007,9.76,10.62,0.07
1008,9.85,10.54,0.07
1009,9.95,10.45,0.07
1010,10.04,10.37,0.07
1011,10.12,10.27,0.07
1012,10.21,10.20,0.07
1013,10.29,10.13,0.07
1014,0.32,20.83,0.01
1015,0.71,18.69,0.01
1016,1.12,18.43,0.01
1017,1.48,18.17,0.01
1018,1.91,17.84,0.01
1019,2.33,17.54,0.02
1020,2.75,17.09,0.02
1021,3.03,16.78,0.02
1022,3.44,16.32,0.02
1023,3.86,15.91,0.03
1024,4.29,15.54,0.03
1025,4.57,15.28,0.03
1026,4.97,14.80,0.03
1027,5.39,14.38,0.03
1028,5.80,14.07,0.04
1029,5.98,14.14,0.04
1030,6.05,14.14,0.04
1031,6.13,14.14,0.04
1032,6.21,14.09,0.04
1033,6.28,14.02,0.04
1034,6.36,13.98,0.04
1035,6.43,13.91,0.04
1036,6.51,13.86,0.04
1037,6.59,13.80,0.04
1038,6.67,13.73,0.04
1039,6.74,13.68,0.04
1040,6.82,13.59,0.04
1041,6.90,13.53,0.05
1042,6.97,13.45,0.05
1043,7.05,13.38,0.05
1044,7.12,13.31,0.05
1045,7.20,13.24,0.05
1046,7.28,13.14,0.05
1047,7.35,13.08,0.05
1048,7.43,13.01,0.05
1049,7.51,12.91,0.05
1050,7.60,12.82,0.05
1051,7.68,12.73,0.05
1052,7.76,12.66,0.05
1053,7.86,12.55,0.05
1054,7.93,12.49,0.05
1055,8.01,12.38,0.05
1056,8.09,12.34,0.06
1057,8.15,12.25,0.06
1058,8.23,12.17,0.06
1059,8.31,12.12,0.06
1060,8.38,12.02,0.06
1061,8.46,11.95,0.06
1062,8.56,11.84,0.06
1063,8.64,11.77,0.06
1064,8.73,11.68,0.06
1065,8.82,11.58,0.06
1066,8.90,11.51,0.06
1067,8.98,11.45,0.06
1068,9.05,11.35,0.06
1069,9.13,11.27,0.06
1070,9.21,11.20,0.06
1071,9.28,11.12,0.07
1072,9.36,11.07,0.07
1073,9.43,10.97,0.07
1074,9.50,10.88,0.07
1075,9.59,10.82,0.07
1076,9.67,10.73,0.07
1077,9.74,10.65,0.07
1078,9.82,10.59,0.07
1079,9.89,10.52,0.07
1080,9.96,10.43,0.07
1081,10.02,10.39,0.07
1082,10.09,10.32,0.07
1083,10.16,10.23,0.07
1084,10.22,10.17,0.07
1085,10.29,10.11,0.07
1086,4.00,16.98,0.04
1087,0.63,18.72,0.01
1088,1.04,18.46,0.01
1089,1.39,18.20,0.01
1090,1.81,17.91,0.01
1091,2.19,17.66,0.02
1092,2.60,17.25,0.02
1093,2.84,16.96,0.02
1094,3.05,16.71,0.02
1095,3.15,16.70,0.02
1096,3.28,16.44,0.02
1097,3.44,16.32,0.02
1098,3.53,16.30,0.02
1099,3.62,16.23,0.02
1100,3.73,16.02,0.02
1101,3.81,15.98,0.02
1116,5.04,14.66,0.03
1117,5.07,14.66,0.03
1118,5.14,14.65,0.04
1119,5.19,14.54,0.04
1120,5.25,14.52,0.04
1121,5.31,14.52,0.04
1122,5.38,14.35,0.04
1123,5.43,14.34,0.04
1124,5.43,14.34,0.04
1125,5.52,14.30,0.04
1126,5.60,14.22,0.04
1127,5.63,14.22,0.04
1128,5.68,14.17,0.04
1129,5.76,14.07,0.04
1130,5.78,14.07,0.04
1131,5.84,14.07,0.04
1132,5.90,14.01,0.04
1133,5.93,14.00,0.04
1134,5.96,13.96,0.04
1135,6.02,13.96,0.04
1136,6.05,13.89,0.04
1137,6.12,13.79,0.04
1138,6.15,13.79,0.04
1139,6.21,13.75,0.04
1140,6.25,13.75,0.04
1141,6.29,13.73,0.04
1142,6.39,13.61,0.04
1143,6.40,13.61,0.04
1144,6.48,13.53,0.04
1146,6.66,13.38,0.05
1147,6.66,13.38,0.05
1148,6.76,13.30,0.05
1149,6.76,13.30,0.05
1150,6.82,13.20,0.05
1151,6.82,13.20,0.05
1152,6.86,13.20,0.05
1153,6.91,13.15,0.05
1154,6.91,13.15,0.05
1155,6.96,13.15,0.05
1156,7.04,12.88,0.05
1157,7.10,12.88,0.05
1160,7.40,12.32,0.05
1161,7.40,12.32,0.05
1162,7.45,12.32,0.05
1163,7.51,12.32,0.05
1164,7.57,12.31,0.05
1165,7.63,12.17,0.05
1167,7.80,12.08,0.05
1168,7.86,12.01,0.05
1169,7.91,12.01,0.05
1170,7.97,11.97,0.05
1171,8.03,11.89,0.06
1172,8.09,11.84,0.06
1173,8.16,11.83,0.06
1174,8.20,11.77,0.06
1175,8.28,11.54,0.06
1176,8.28,11.54,0.06
1177,8.35,11.38,0.06
1179,8.35,11.38,0.06
1180,8.42,11.08,0.06
1181,8.42,11.08,0.06
1182,8.46,11.08,0.06
1183,8.56,10.98,0.06
1184,8.56,10.98,0.06
1185,8.59,10.98,0.06
1186,8.65,10.98,0.06
1187,8.69,10.98,0.06
1188,8.78,10.83,0.06
1189,8.84,10.80,0.06
1190,8.84,10.80,0.06
1191,8.92,10.71,0.06
1192,8.97,10.71,0.06
1193,9.01,10.71,0.06
1194,9.08,10.56,0.06
1195,9.13,10.56,0.06
1196,9.15,10.55,0.06
1197,9.24,10.41,0.06
1198,9.25,10.41,0.06
1199,9.27,10.41,0.06
1200,9.38,10.35,0.06
1201,9.38,10.35,0.06
1202,9.45,10.34,0.06
1203,9.50,10.24,0.06
1204,9.54,10.24,0.06
1205,9.56,10.24,0.06
1206,9.62,10.14,0.06
1207,9.62,10.14,0.06
1208,9.68,10.14,0.07
1209,9.72,10.13,0.07
1210,9.72,10.13,0.07
1211,9.79,10.00,0.07
1212,9.81,10.00,0.07
1213,9.83,10.00,0.07
1214,9.90,9.91,0.07
1215,9.91,9.91,0.07
1216,9.95,9.91,0.07
1217,10.00,9.86,0.07
1218,10.02,9.86,0.07
1219,10.06,9.82,0.07
1220,10.08,9.81,0.07
1221,10.12,9.84,0.07
1222,10.14,9.80,0.07
1223,10.17,9.79,0.07
1224,10.22,9.72,0.07
1225,10.23,9.75,0.07
1226,10.25,9.81,0.07
1227,10.28,9.80,0.07
1228,10.29,9.80,0.07
1229,10.32,9.80,0.07
1230,10.34,9.86,0.07
1231,10.35,9.88,0.07
1232,10.37,9.86,0.07
1233,10.37,9.92,0.07
1234,10.38,9.98,0.07
1235,10.38,9.98,0.07
1236,10.39,9.98,0.07
1237,10.39,9.89,0.07
1238,0.39,20.72,0.01
1239,0.44,18.96,0.01
1240,0.45,18.95,0.01
1241,0.48,18.83,0.01
1242,0.53,18.83,0.01
1243,0.53,18.83,0.01
1244,0.59,18.77,0.01
1245,0.60,18.77,0.01
1246,0.66,18.77,0.01
1247,0.71,18.73,0.01
1248,0.72,18.73,0.01
1249,0.76,18.64,0.01
1250,1.19,18.16,0.01
1261,1.20,18.16,0.01
1262,1.23,18.16,0.01
1263,1.28,18.16,0.01
1264,1.28,18.16,0.01
1265,1.34,18.12,0.01
1266,1.36,18.11,0.01
1267,1.38,18.11,0.01
1268,1.45,17.98,0.01
1269,1.48,17.98,0.01
1270,1.48,17.98,0.01
1271,1.57,17.87,0.01
1272,1.57,17.87,0.01
1273,1.57,17.87,0.01
1274,1.66,17.86,0.01
1275,1.68,17.86,0.01
1276,1.70,17.86,0.01
1277,1.74,17.80,0.01
1278,1.76,17.80,0.01
1279,1.82,17.76,0.01
1280,1.88,17.69,0.01
1281,1.89,17.69,0.01
1282,1.92,17.69,0.01
1283,1.99,17.62,0.02
1284,2.00,17.62,0.02
1285,2.04,17.62,0.02
1286,2.09,17.57,0.02
1287,2.11,17.57,0.02
1288,2.17,17.47,0.02
1289,2.17,17.47,0.02
1290,2.22,17.47,0.02
1291,2.27,17.43,0.02
1292,2.28,17.43,0.02
1293,2.32,17.41,0.02
1294,2.37,17.38,0.02
1295,2.37,17.38,0.02
1296,2.44,17.27,0.02
1297,2.46,17.27,0.02
1298,2.49,17.27,0.02
1299,2.52,17.25,0.02
1300,2.56,17.25,0.02
1301,2.59,17.25,0.02
1302,2.66,17.10,0.02
1303,2.68,17.10,0.02
1304,2.68,17.10,0.02
1305,2.76,17.04,0.02
1306,2.77,17.04,0.02
1307,2.78,17.04,0.02
1308,2.86,17.01,0.02
1309,2.89,17.01,0.02
1310,2.91,17.01,0.02
1311,2.97,16.93,0.02
1312,3.00,16.93,0.02
1314,3.11,16.64,0.02
1315,3.11,16.64,0.02
1316,3.15,16.64,0.02
1317,3.15,16.64,0.02
1318,3.23,16.52,0.02
1319,3.23,16.52,0.02
1320,3.26,16.52,0.02
1321,3.33,16.48,0.02
1322,3.34,16.48,0.02
1323,3.34,16.48,0.02
1324,3.43,16.37,0.02
1325,3.44,16.37,0.02
1326,3.45,16.37,0.02
1327,3.53,16.24,0.02
1328,3.55,16.24,0.02
1329,3.58,16.23,0.02
1330,3.64,16.23,0.02
1331,3.65,16.23,0.02
1332,3.68,16.19,0.02
1333,3.73,16.10,0.02
1334,3.76,16.10,0.02
1335,3.80,16.09,0.02
1336,3.85,15.96,0.02
1337,3.85,15.96,0.02
1338,3.91,15.95,0.02
1339,3.95,15.94,0.02
1340,3.98,15.94,0.03
1341,4.01,15.91,0.03
1342,4.06,15.83,0.03
1343,4.07,15.83,0.03
1344,4.11,15.83,0.03
1345,4.16,15.70,0.03
1346,4.17,15.70,0.03
1347,4.22,15.66,0.03
1348,4.25,15.58,0.03
1349,4.29,15.58,0.03
1350,4.32,15.58,0.03
1351,4.36,15.45,0.03
1352,4.40,15.45,0.03
1353,4.41,15.45,0.03
1354,4.45,15.45,0.03
1355,4.51,15.38,0.03
1356,4.51,15.38,0.03
1357,4.57,15.34,0.03
1358,4.61,15.32,0.03
1359,4.61,15.32,0.03
1360,4.68,15.22,0.03
1361,4.71,15.22,0.03
1362,4.71,15.22,0.03
1363,4.78,15.03,0.03
1364,4.81,15.03,0.03
1365,4.84,15.03,0.03
1366,4.88,15.03,0.03
1367,4.91,15.03,0.03
1368,4.94,14.98,0.03
1369,5.01,14.80,0.03
1370,5.01,14.80,0.03
1371,5.08,14.78,0.03
1372,5.11,14.78,0.03
1373,5.11,14.78,0.03
1374,5.17,14.71,0.03
1375,5.21,14.69,0.03
1376,5.21,14.69,0.03
1377,5.27,14.59,0.03
1378,5.31,14.59,0.03
1379,5.33,14.59,0.03
1380,5.39,14.43,0.03
1381,5.39,14.42,0.03
1382,5.44,14.42,0.03
1384,5.51,14.26,0.03
1385,5.54,14.26,0.03
1386,5.58,14.26,0.03
1387,5.61,14.24,0.03
1388,5.62,14.24,0.03
1389,5.67,14.20,0.03
1390,5.71,14.16,0.03
1391,5.71,14.16,0.03
1392,5.76,14.12,0.03
1393,5.81,14.01,0.03
1394,5.81,14.01,0.03
1395,5.86,14.01,0.04
1396,5.91,13.97,0.04
1397,5.94,13.97,0.04
1398,6.01,13.90,0.04
1399,6.01,13.90,0.04
1400,6.05,13.90,0.04
1401,6.08,13.86,0.04
1402,6.14,13.83,0.04
1403,6.14,13.83,0.04
1404,6.18,13.80,0.04
1405,6.23,13.75,0.04
1406,6.25,13.74,0.04
1407,6.28,13.73,0.04
1408,6.32,13.56,0.04
1409,6.34,13.56,0.04
1410,6.34,13.56,0.04
1411,6.41,13.48,0.04
1412,6.42,13.48,0.04
1413,6.44,13.48,0.04
1414,6.49,13.48,0.04
1415,6.55,13.45,0.04
1416,6.57,13.43,0.04
1417,6.69,13.16,0.04
1419,6.69,13.16,0.04
1420,6.76,13.09,0.04
1421,6.79,13.09,0.04
1422,6.80,13.09,0.04
1423,6.85,12.99,0.04
1424,6.89,12.99,0.04
1425,6.91,12.99,0.04
1426,6.95,12.98,0.04
1427,7.01,12.87,0.04
1428,7.01,12.87,0.04
1429,7.07,12.85,0.04
1430,7.10,12.84,0.04
1431,7.14,12.84,0.04
1432,7.14,12.84,0.04
1433,7.20,12.71,0.04
1434,7.23,12.71,0.04
1435,7.23,12.71,0.04
1436,7.30,12.56,0.04
1438,7.30,12.56,0.04
1439,7.39,12.34,0.04
1440,7.39,12.34,0.04
1441,7.42,12.33,0.04
1442,7.49,12.29,0.04
1443,7.51,12.29,0.04
1444,7.54,12.28,0.04
1445,7.59,12.24,0.04
1446,7.63,12.24,0.04
1447,7.64,12.24,0.04
1448,7.70,12.16,0.04
1449,7.70,12.16,0.04
1450,7.76,12.05,0.04
1451,7.76,12.05,0.04
1452,7.79,12.05,0.04
1453,7.83,12.03,0.04
1454,7.83,12.03,0.04
1455,7.87,12.03,0.04
1456,7.94,11.94,0.04
1457,7.97,11.94,0.05
1458,7.99,11.94,0.05
1459,8.03,11.87,0.05
1460,8.03,11.87,0.05
1461,8.09,11.86,0.05
1462,8.13,11.80,0.05
1463,8.18,11.80,0.05
1464,8.20,11.80,0.05
1465,8.26,11.57,0.05
1466,8.26,11.57,0.05
1467,8.31,11.57,0.05
1468,8.36,11.49,0.05
1469,8.38,11.49,0.05
1470,8.41,11.49,0.05
1471,8.46,11.46,0.05
1472,8.48,11.46,0.05
1473,8.49,11.46,0.05
1474,8.55,11.30,0.05
1476,8.61,11.27,0.05
1477,8.67,11.16,0.05
1478,8.71,11.16,0.05
1479,8.73,11.16,0.05
1480,8.77,11.13,0.05
1481,8.81,11.08,0.05
1482,8.82,11.08,0.05
1483,8.85,11.07,0.05
1484,8.91,11.02,0.05
1485,8.91,11.02,0.05
1486,8.97,10.85,0.05
1487,9.01,10.85,0.05
1488,9.18,10.52,0.05
1492,9.18,10.52,0.05
1493,9.19,10.52,0.05
1494,9.24,10.43,0.05
1495,9.24,10.43,0.05
1496,9.29,10.43,0.05
1497,9.35,10.34,0.05
1498,9.38,10.34,0.05
1499,9.40,10.34,0.05
1500,9.46,10.25,0.05
1502,9.46,10.25,0.05
1503,9.55,10.17,0.05
1504,9.55,10.17,0.05
1505,9.59,10.17,0.05
1506,9.66,10.09,0.05
1507,9.68,10.09,0.05
1508,9.71,10.09,0.05
1509,9.78,10.01,0.05
1510,9.79,10.01,0.05
1511,9.82,10.01,0.05
1512,9.88,9.91,0.05
1513,9.89,9.91,0.05
1514,9.93,9.91,0.05
1515,9.96,9.91,0.05
1516,9.96,9.91,0.05
1517,10.07,9.62,0.06
1518,10.07,9.62,0.06
1519,10.08,9.62,0.06
1520,10.15,9.60,0.06
1521,10.17,9.60,0.06
1522,10.20,9.60,0.06
1523,10.23,9.60,0.06
1524,10.25,9.63,0.06
1525,10.30,9.62,0.06
1526,10.32,9.62,0.06
1527,10.35,9.62,0.06
1528,10.36,9.66,0.06
1529,10.39,9.74,0.06
1530,10.39,9.74,0.06
1531,10.40,9.90,0.06
1532,6.75,14.17,0.05
